{"cameraMode":{"drawMode":0,"name":"Shaded","section":"Shading Mode"},"sceneLighting":false,"audioPlay":false,"sceneViewState":{"m_AlwaysRefresh":false,"showFog":true,"showSkybox":true,"showFlares":true,"showImageEffects":true,"showParticleSystems":true,"showVisualEffectGraphs":true,"m_FxEnabled":true},"in2DMode":false,"pivot":{"x":-1.3824065923690797,"y":1.5426031351089478,"z":-11.462701797485352},"rotation":{"x":0.14024744927883149,"y":0.603396475315094,"z":-0.10888420790433884,"w":0.7774267196655273},"size":0.22889766097068788,"orthographic":false}