{"cameraMode":{"drawMode":0,"name":"Shaded","section":"Shading Mode"},"sceneLighting":false,"audioPlay":false,"sceneViewState":{"m_AlwaysRefresh":false,"showFog":true,"showSkybox":false,"showFlares":true,"showImageEffects":true,"showParticleSystems":true,"showVisualEffectGraphs":true,"m_FxEnabled":true},"in2DMode":false,"pivot":{"x":0.26165178418159487,"y":1.7397825717926026,"z":-9.115899085998536},"rotation":{"x":0.012559528462588787,"y":-0.9776819944381714,"z":0.2007308304309845,"w":0.06108303740620613},"size":0.9662772417068481,"orthographic":false}